,dimension,isotopeCode,series_Step_X,additional_series_Step_X,seriesUnit,experiment,ppmPosition,height,lineWidth,volume,nmrChainName,nmrResidueCode,nmrResidueType,nmrAtomName,collectionId,collectionPid,spectrumPid,peakPid,nmrAtomPid,nmrResiduePid,ROW_UID,series_Step_Y,seriesQuantity,signalToNoiseRatio
1,1,1H,0,30,µM,Titration,8.292660968,11785.55566,15.84226601,,A,27,GLY,H,488,"CO:A.27.GLY.N,H",SP:2-1_1to0_CXCL8M,PK:2-1_1to0_CXCL8M.1.1,NA:A.27.GLY.H,NR:A.27.GLY,1,11785.55566,Concentration,
2,2,15N,0,30,µM,Titration,109.6849564,11785.55566,11.65884381,,A,27,GLY,N,488,"CO:A.27.GLY.N,H",SP:2-1_1to0_CXCL8M,PK:2-1_1to0_CXCL8M.1.1,NA:A.27.GLY.N,NR:A.27.GLY,2,11785.55566,Concentration,
3,1,1H,0,30,µM,Titration,8.110284553,15172.44531,17.9288685,,A,25,THR,H,489,"CO:A.25.THR.N,H",SP:2-1_1to0_CXCL8M,PK:2-1_1to0_CXCL8M.1.2,NA:A.25.THR.H,NR:A.25.THR,3,15172.44531,Concentration,
4,2,15N,0,30,µM,Titration,114.3797026,15172.44531,11.49115261,,A,25,THR,N,489,"CO:A.25.THR.N,H",SP:2-1_1to0_CXCL8M,PK:2-1_1to0_CXCL8M.1.2,NA:A.25.THR.N,NR:A.25.THR,4,15172.44531,Concentration,
5,1,1H,0,30,µM,Titration,8.032066943,36931.19531,16.1930959,,A,40,THR,H,490,"CO:A.40.THR.N,H",SP:2-1_1to0_CXCL8M,PK:2-1_1to0_CXCL8M.1.3,NA:A.40.THR.H,NR:A.40.THR,5,36931.19531,Concentration,
6,2,15N,0,30,µM,Titration,114.4890749,36931.19531,11.41853181,,A,40,THR,N,490,"CO:A.40.THR.N,H",SP:2-1_1to0_CXCL8M,PK:2-1_1to0_CXCL8M.1.3,NA:A.40.THR.N,NR:A.40.THR,6,36931.19531,Concentration,
7,1,1H,0,30,µM,Titration,7.906918768,30694.01953,16.24348918,,A,34,THR,H,491,"CO:A.34.THR.N,H",SP:2-1_1to0_CXCL8M,PK:2-1_1to0_CXCL8M.1.4,NA:A.34.THR.H,NR:A.34.THR,7,30694.01953,Concentration,
8,2,15N,0,30,µM,Titration,115.4734261,30694.01953,11.56880829,,A,34,THR,N,491,"CO:A.34.THR.N,H",SP:2-1_1to0_CXCL8M,PK:2-1_1to0_CXCL8M.1.4,NA:A.34.THR.N,NR:A.34.THR,8,30694.01953,Concentration,
9,1,1H,0,30,µM,Titration,8.133749835,10669.94531,20.75604593,,A,28,SER,H,492,"CO:A.28.SER.N,H",SP:2-1_1to0_CXCL8M,PK:2-1_1to0_CXCL8M.1.5,NA:A.28.SER.H,NR:A.28.SER,9,10669.94531,Concentration,
10,2,15N,0,30,µM,Titration,115.5827984,10669.94531,14.47238485,,A,28,SER,N,492,"CO:A.28.SER.N,H",SP:2-1_1to0_CXCL8M,PK:2-1_1to0_CXCL8M.1.5,NA:A.28.SER.N,NR:A.28.SER,10,10669.94531,Concentration,
11,1,1H,0,30,µM,Titration,8.078997509,16804.35547,18.73231668,,A,36,THR,H,493,"CO:A.36.THR.N,H",SP:2-1_1to0_CXCL8M,PK:2-1_1to0_CXCL8M.1.6,NA:A.36.THR.H,NR:A.36.THR,11,16804.35547,Concentration,
12,2,15N,0,30,µM,Titration,115.5827984,16804.35547,12.54001818,,A,36,THR,N,493,"CO:A.36.THR.N,H",SP:2-1_1to0_CXCL8M,PK:2-1_1to0_CXCL8M.1.6,NA:A.36.THR.N,NR:A.36.THR,12,16804.35547,Concentration,
13,1,1H,0,30,µM,Titration,8.184144116,17455.92773,22.4634714,,A,44,SER,H,494,"CO:A.44.SER.N,H",SP:2-1_1to0_CXCL8M,PK:2-1_1to0_CXCL8M.1.7,NA:A.44.SER.H,NR:A.44.SER,13,17455.92773,Concentration,
14,2,15N,0,30,µM,Titration,116.4460268,17455.92773,12.77643407,,A,44,SER,N,494,"CO:A.44.SER.N,H",SP:2-1_1to0_CXCL8M,PK:2-1_1to0_CXCL8M.1.7,NA:A.44.SER.N,NR:A.44.SER,14,17455.92773,Concentration,
15,1,1H,0,30,µM,Titration,8.201141357,13326.16895,,,A,22,THR,H,495,"CO:A.22.THR.N,H",SP:2-1_1to0_CXCL8M,PK:2-1_1to0_CXCL8M.1.8,NA:A.22.THR.H,NR:A.22.THR,15,13326.16895,Concentration,
16,2,15N,0,30,µM,Titration,116.5381165,13326.16895,,,A,22,THR,N,495,"CO:A.22.THR.N,H",SP:2-1_1to0_CXCL8M,PK:2-1_1to0_CXCL8M.1.8,NA:A.22.THR.N,NR:A.22.THR,16,13326.16895,Concentration,
17,1,1H,0,30,µM,Titration,8.174422264,7317.421875,,,A,18,THR,H,496,"CO:A.18.THR.N,H",SP:2-1_1to0_CXCL8M,PK:2-1_1to0_CXCL8M.1.9,NA:A.18.THR.H,NR:A.18.THR,17,7317.421875,Concentration,
18,2,15N,0,30,µM,Titration,116.3125229,7317.421875,,,A,18,THR,N,496,"CO:A.18.THR.N,H",SP:2-1_1to0_CXCL8M,PK:2-1_1to0_CXCL8M.1.9,NA:A.18.THR.N,NR:A.18.THR,18,7317.421875,Concentration,
19,1,1H,0,30,µM,Titration,8.204145684,35639.06641,15.24569346,,A,63,GLU,H,497,"CO:A.63.GLU.N,H",SP:2-1_1to0_CXCL8M,PK:2-1_1to0_CXCL8M.1.10,NA:A.63.GLU.H,NR:A.63.GLU,19,35639.06641,Concentration,
20,2,15N,0,30,µM,Titration,117.5515007,35639.06641,11.14792408,,A,63,GLU,N,497,"CO:A.63.GLU.N,H",SP:2-1_1to0_CXCL8M,PK:2-1_1to0_CXCL8M.1.10,NA:A.63.GLU.N,NR:A.63.GLU,20,35639.06641,Concentration,
21,1,1H,0,30,µM,Titration,7.961671094,19964.66406,16.05462995,,A,57,ASN,H,498,"CO:A.57.ASN.N,H",SP:2-1_1to0_CXCL8M,PK:2-1_1to0_CXCL8M.1.11,NA:A.57.ASN.H,NR:A.57.ASN,21,19964.66406,Concentration,
22,2,15N,0,30,µM,Titration,118.2077349,19964.66406,12.20041613,,A,57,ASN,N,498,"CO:A.57.ASN.N,H",SP:2-1_1to0_CXCL8M,PK:2-1_1to0_CXCL8M.1.11,NA:A.57.ASN.N,NR:A.57.ASN,22,19964.66406,Concentration,
23,1,1H,0,30,µM,Titration,7.891275246,24392.91016,15.71998403,,A,69,ILE,H,499,"CO:A.69.ILE.N,H",SP:2-1_1to0_CXCL8M,PK:2-1_1to0_CXCL8M.1.12,NA:A.69.ILE.H,NR:A.69.ILE,23,24392.91016,Concentration,
24,2,15N,0,30,µM,Titration,119.6295754,24392.91016,12.91929264,,A,69,ILE,N,499,"CO:A.69.ILE.N,H",SP:2-1_1to0_CXCL8M,PK:2-1_1to0_CXCL8M.1.12,NA:A.69.ILE.N,NR:A.69.ILE,24,24392.91016,Concentration,
25,1,1H,0,30,µM,Titration,7.906918768,30836.69922,16.02403511,,A,58,PHE,H,500,"CO:A.58.PHE.N,H",SP:2-1_1to0_CXCL8M,PK:2-1_1to0_CXCL8M.1.13,NA:A.58.PHE.H,NR:A.58.PHE,25,30836.69922,Concentration,
26,2,15N,0,30,µM,Titration,120.7232989,30836.69922,11.15340464,,A,58,PHE,N,500,"CO:A.58.PHE.N,H",SP:2-1_1to0_CXCL8M,PK:2-1_1to0_CXCL8M.1.13,NA:A.58.PHE.N,NR:A.58.PHE,26,30836.69922,Concentration,
27,1,1H,0,30,µM,Titration,7.836522919,57622.05078,16.74545302,,A,55,TRP,H,501,"CO:A.55.TRP.N,H",SP:2-1_1to0_CXCL8M,PK:2-1_1to0_CXCL8M.1.14,NA:A.55.TRP.H,NR:A.55.TRP,27,57622.05078,Concentration,
28,2,15N,0,30,µM,Titration,121.3795331,57622.05078,10.6804674,,A,55,TRP,N,501,"CO:A.55.TRP.N,H",SP:2-1_1to0_CXCL8M,PK:2-1_1to0_CXCL8M.1.14,NA:A.55.TRP.N,NR:A.55.TRP,28,57622.05078,Concentration,
29,1,1H,0,30,µM,Titration,7.742661787,27656.78906,15.94722338,,A,64,ALA,H,502,"CO:A.64.ALA.N,H",SP:2-1_1to0_CXCL8M,PK:2-1_1to0_CXCL8M.1.15,NA:A.64.ALA.H,NR:A.64.ALA,29,27656.78906,Concentration,
30,2,15N,0,30,µM,Titration,123.1294907,27656.78906,11.40939781,,A,64,ALA,N,502,"CO:A.64.ALA.N,H",SP:2-1_1to0_CXCL8M,PK:2-1_1to0_CXCL8M.1.15,NA:A.64.ALA.N,NR:A.64.ALA,30,27656.78906,Concentration,
31,1,1H,0,30,µM,Titration,7.93038405,22969.44141,16.91022212,,A,35,GLN,H,503,"CO:A.35.GLN.N,H_1",SP:2-1_1to0_CXCL8M,PK:2-1_1to0_CXCL8M.1.16,NA:A.35.GLN.H,NR:A.35.GLN,31,22969.44141,Concentration,
32,2,15N,0,30,µM,Titration,122.3638842,22969.44141,12.01948547,,A,35,GLN,N,503,"CO:A.35.GLN.N,H_1",SP:2-1_1to0_CXCL8M,PK:2-1_1to0_CXCL8M.1.16,NA:A.35.GLN.N,NR:A.35.GLN,32,22969.44141,Concentration,
33,1,1H,0,30,µM,Titration,7.883453485,82924.70313,16.0985342,,A,78,GLN,H,504,"CO:A.78.GLN.N,H",SP:2-1_1to0_CXCL8M,PK:2-1_1to0_CXCL8M.1.17,NA:A.78.GLN.H,NR:A.78.GLN,33,82924.70313,Concentration,
34,2,15N,0,30,µM,Titration,125.4263101,82924.70313,12.08542825,,A,78,GLN,N,504,"CO:A.78.GLN.N,H",SP:2-1_1to0_CXCL8M,PK:2-1_1to0_CXCL8M.1.17,NA:A.78.GLN.N,NR:A.78.GLN,34,82924.70313,Concentration,
35,1,1H,0,30,µM,Titration,8.000779899,10993.42188,21.48310887,,A,76,ARG,H,505,"CO:A.76.ARG.N,H",SP:2-1_1to0_CXCL8M,PK:2-1_1to0_CXCL8M.1.18,NA:A.76.ARG.H,NR:A.76.ARG,35,10993.42188,Concentration,
36,2,15N,0,30,µM,Titration,125.3169377,10993.42188,12.63904813,,A,76,ARG,N,505,"CO:A.76.ARG.N,H",SP:2-1_1to0_CXCL8M,PK:2-1_1to0_CXCL8M.1.18,NA:A.76.ARG.N,NR:A.76.ARG,36,10993.42188,Concentration,
37,1,1H,0,30,µM,Titration,8.227610967,8816.285156,15.17728714,,A,14,ALA,H,506,"CO:A.14.ALA.N,H",SP:2-1_1to0_CXCL8M,PK:2-1_1to0_CXCL8M.1.19,NA:A.14.ALA.H,NR:A.14.ALA,37,8816.285156,Concentration,
38,2,15N,0,30,µM,Titration,126.957523,8816.285156,12.82967743,,A,14,ALA,N,506,"CO:A.14.ALA.N,H",SP:2-1_1to0_CXCL8M,PK:2-1_1to0_CXCL8M.1.19,NA:A.14.ALA.N,NR:A.14.ALA,38,8816.285156,Concentration,
39,1,1H,0,30,µM,Titration,8.384046186,19956.52344,15.8263395,,A,21,LYS,H,507,"CO:A.21.LYS.N,H",SP:2-1_1to0_CXCL8M,PK:2-1_1to0_CXCL8M.1.20,NA:A.21.LYS.H,NR:A.21.LYS,39,19956.52344,Concentration,
40,2,15N,0,30,µM,Titration,126.8481506,19956.52344,12.07166935,,A,21,LYS,N,507,"CO:A.21.LYS.N,H",SP:2-1_1to0_CXCL8M,PK:2-1_1to0_CXCL8M.1.20,NA:A.21.LYS.N,NR:A.21.LYS,40,19956.52344,Concentration,
41,1,1H,0,30,µM,Titration,8.313650338,16254.28516,15.39421478,,A,75,TYR,H,508,"CO:A.75.TYR.N,H",SP:2-1_1to0_CXCL8M,PK:2-1_1to0_CXCL8M.1.21,NA:A.75.TYR.H,NR:A.75.TYR,41,16254.28516,Concentration,
42,2,15N,0,30,µM,Titration,125.5356824,16254.28516,12.49135214,,A,75,TYR,N,508,"CO:A.75.TYR.N,H",SP:2-1_1to0_CXCL8M,PK:2-1_1to0_CXCL8M.1.21,NA:A.75.TYR.N,NR:A.75.TYR,42,16254.28516,Concentration,
43,1,1H,0,30,µM,Titration,8.211967445,37113.50781,16.66680328,,A,20,ILE,H,509,"CO:A.20.ILE.N,H",SP:2-1_1to0_CXCL8M,PK:2-1_1to0_CXCL8M.1.22,NA:A.20.ILE.H,NR:A.20.ILE,43,37113.50781,Concentration,
44,2,15N,0,30,µM,Titration,125.7544271,37113.50781,11.35010451,,A,20,ILE,N,509,"CO:A.20.ILE.N,H",SP:2-1_1to0_CXCL8M,PK:2-1_1to0_CXCL8M.1.22,NA:A.20.ILE.N,NR:A.20.ILE,44,37113.50781,Concentration,
45,1,1H,0,30,µM,Titration,8.219789206,27988.01172,15.96715391,,A,62,ALA,H,510,"CO:A.62.ALA.N,H",SP:2-1_1to0_CXCL8M,PK:2-1_1to0_CXCL8M.1.23,NA:A.62.ALA.H,NR:A.62.ALA,45,27988.01172,Concentration,
46,2,15N,0,30,µM,Titration,125.2075654,27988.01172,11.76981584,,A,62,ALA,N,510,"CO:A.62.ALA.N,H",SP:2-1_1to0_CXCL8M,PK:2-1_1to0_CXCL8M.1.23,NA:A.62.ALA.N,NR:A.62.ALA,46,27988.01172,Concentration,
47,1,1H,0,30,µM,Titration,8.180680401,9168.679688,19.01970021,,A,70,LYS,H,511,"CO:A.70.LYS.N,H",SP:2-1_1to0_CXCL8M,PK:2-1_1to0_CXCL8M.1.24,NA:A.70.LYS.H,NR:A.70.LYS,47,9168.679688,Concentration,
48,2,15N,0,30,µM,Titration,124.9888207,9168.679688,16.26686835,,A,70,LYS,N,511,"CO:A.70.LYS.N,H",SP:2-1_1to0_CXCL8M,PK:2-1_1to0_CXCL8M.1.24,NA:A.70.LYS.N,NR:A.70.LYS,48,9168.679688,Concentration,
49,1,1H,0,30,µM,Titration,8.211967445,43493.73828,16.45636467,,A,32,ASP,H,512,"CO:A.32.ASP.N,H",SP:2-1_1to0_CXCL8M,PK:2-1_1to0_CXCL8M.1.26,NA:A.32.ASP.H,NR:A.32.ASP,49,43493.73828,Concentration,
50,2,15N,0,30,µM,Titration,123.5669801,43493.73828,10.71072904,,A,32,ASP,N,512,"CO:A.32.ASP.N,H",SP:2-1_1to0_CXCL8M,PK:2-1_1to0_CXCL8M.1.26,NA:A.32.ASP.N,NR:A.32.ASP,50,43493.73828,Concentration,
51,1,1H,0,30,µM,Titration,8.063353987,7723.296875,31.75568642,,A,68,ALA,H,513,"CO:A.68.ALA.N,H",SP:2-1_1to0_CXCL8M,PK:2-1_1to0_CXCL8M.1.27,NA:A.68.ALA.H,NR:A.68.ALA,51,7723.296875,Concentration,
52,2,15N,0,30,µM,Titration,123.8950971,7723.296875,13.49113691,,A,68,ALA,N,513,"CO:A.68.ALA.N,H",SP:2-1_1to0_CXCL8M,PK:2-1_1to0_CXCL8M.1.27,NA:A.68.ALA.N,NR:A.68.ALA,52,7723.296875,Concentration,
53,1,1H,0,30,µM,Titration,8.102462792,17096.33984,18.18653142,,A,19,VAL,H,514,"CO:A.19.VAL.N,H",SP:2-1_1to0_CXCL8M,PK:2-1_1to0_CXCL8M.1.28,NA:A.19.VAL.H,NR:A.19.VAL,53,17096.33984,Concentration,
54,2,15N,0,30,µM,Titration,123.7857248,17096.33984,14.15495008,,A,19,VAL,N,514,"CO:A.19.VAL.N,H",SP:2-1_1to0_CXCL8M,PK:2-1_1to0_CXCL8M.1.28,NA:A.19.VAL.N,NR:A.19.VAL,54,17096.33984,Concentration,
55,1,1H,0,30,µM,Titration,8.016423421,30671.19141,16.68708641,,A,41,LYS,H,515,"CO:A.41.LYS.N,H",SP:2-1_1to0_CXCL8M,PK:2-1_1to0_CXCL8M.1.29,NA:A.41.LYS.H,NR:A.41.LYS,55,30671.19141,Concentration,
56,2,15N,0,30,µM,Titration,123.5669801,30671.19141,11.85433035,,A,41,LYS,N,515,"CO:A.41.LYS.N,H",SP:2-1_1to0_CXCL8M,PK:2-1_1to0_CXCL8M.1.29,NA:A.41.LYS.N,NR:A.41.LYS,56,30671.19141,Concentration,
57,1,1H,0,30,µM,Titration,8.016423421,54604.32031,15.32294286,,A,33,TRP,H,516,"CO:A.33.TRP.N,H",SP:2-1_1to0_CXCL8M,PK:2-1_1to0_CXCL8M.1.30,NA:A.33.TRP.H,NR:A.33.TRP,57,54604.32031,Concentration,
58,2,15N,0,30,µM,Titration,123.238863,54604.32031,10.99386648,,A,33,TRP,N,516,"CO:A.33.TRP.N,H",SP:2-1_1to0_CXCL8M,PK:2-1_1to0_CXCL8M.1.30,NA:A.33.TRP.N,NR:A.33.TRP,58,54604.32031,Concentration,
59,1,1H,0,30,µM,Titration,8.282363294,10938.32813,15.1744081,,A,46,ASN,H,517,"CO:A.46.ASN.N,H",SP:2-1_1to0_CXCL8M,PK:2-1_1to0_CXCL8M.1.31,NA:A.46.ASN.H,NR:A.46.ASN,59,10938.32813,Concentration,
60,2,15N,0,30,µM,Titration,119.192086,10938.32813,12.85008183,,A,46,ASN,N,517,"CO:A.46.ASN.N,H",SP:2-1_1to0_CXCL8M,PK:2-1_1to0_CXCL8M.1.31,NA:A.46.ASN.N,NR:A.46.ASN,60,10938.32813,Concentration,
61,1,1H,0,30,µM,Titration,8.298006816,42029.73828,16.21808825,,A,39,ASP,H,518,"CO:A.39.ASP.N,H",SP:2-1_1to0_CXCL8M,PK:2-1_1to0_CXCL8M.1.32,NA:A.39.ASP.H,NR:A.39.ASP,61,42029.73828,Concentration,
62,2,15N,0,30,µM,Titration,121.1607884,42029.73828,11.32803318,,A,39,ASP,N,518,"CO:A.39.ASP.N,H",SP:2-1_1to0_CXCL8M,PK:2-1_1to0_CXCL8M.1.32,NA:A.39.ASP.N,NR:A.39.ASP,62,42029.73828,Concentration,
63,1,1H,0,30,µM,Titration,8.290185055,44465.03906,18.00405376,,A,54,ASP,H,519,"CO:A.54.ASP.N,H",SP:2-1_1to0_CXCL8M,PK:2-1_1to0_CXCL8M.1.33,NA:A.54.ASP.H,NR:A.54.ASP,63,44465.03906,Concentration,
64,2,15N,0,30,µM,Titration,120.7232989,44465.03906,11.40992279,,A,54,ASP,N,519,"CO:A.54.ASP.N,H",SP:2-1_1to0_CXCL8M,PK:2-1_1to0_CXCL8M.1.33,NA:A.54.ASP.N,NR:A.54.ASP,64,44465.03906,Concentration,
65,1,1H,0,30,µM,Titration,8.290185055,20754.01172,14.92285922,,A,29,HIS,H,520,"CO:A.29.HIS.N,H",SP:2-1_1to0_CXCL8M,PK:2-1_1to0_CXCL8M.1.34,NA:A.29.HIS.H,NR:A.29.HIS,65,20754.01172,Concentration,
66,2,15N,0,30,µM,Titration,120.3951819,20754.01172,12.73131044,,A,29,HIS,N,520,"CO:A.29.HIS.N,H",SP:2-1_1to0_CXCL8M,PK:2-1_1to0_CXCL8M.1.34,NA:A.29.HIS.N,NR:A.29.HIS,66,20754.01172,Concentration,
67,1,1H,0,30,µM,Titration,8.293109894,16520.69922,,,A,67,LYS,H,521,"CO:A.67.LYS.N,H",SP:2-1_1to0_CXCL8M,PK:2-1_1to0_CXCL8M.1.35,NA:A.67.LYS.H,NR:A.67.LYS,67,16520.69922,Concentration,
68,2,15N,0,30,µM,Titration,120.3486404,16520.69922,,,A,67,LYS,N,521,"CO:A.67.LYS.N,H",SP:2-1_1to0_CXCL8M,PK:2-1_1to0_CXCL8M.1.35,NA:A.67.LYS.N,NR:A.67.LYS,68,16520.69922,Concentration,
69,1,1H,0,30,µM,Titration,8.211967445,8866.332031,16.74430118,,A,30,ASP,H,522,"CO:A.30.ASP.N,H",SP:2-1_1to0_CXCL8M,PK:2-1_1to0_CXCL8M.1.36,NA:A.30.ASP.H,NR:A.30.ASP,69,8866.332031,Concentration,
70,2,15N,0,30,µM,Titration,121.5982778,8866.332031,12.50452816,,A,30,ASP,N,522,"CO:A.30.ASP.N,H",SP:2-1_1to0_CXCL8M,PK:2-1_1to0_CXCL8M.1.36,NA:A.30.ASP.N,NR:A.30.ASP,70,8866.332031,Concentration,
71,1,1H,0,30,µM,Titration,8.217829339,26144.7793,16.5288444,,A,13,GLN,H,523,"CO:A.13.GLN.N,H",SP:2-1_1to0_CXCL8M,PK:2-1_1to0_CXCL8M.1.38,NA:A.13.GLN.H,NR:A.13.GLN,71,26144.7793,Concentration,
72,2,15N,0,30,µM,Titration,122.4396804,26144.7793,16.27015621,,A,13,GLN,N,523,"CO:A.13.GLN.N,H",SP:2-1_1to0_CXCL8M,PK:2-1_1to0_CXCL8M.1.38,NA:A.13.GLN.N,NR:A.13.GLN,72,26144.7793,Concentration,
73,1,1H,0,30,µM,Titration,8.133749835,33328.53906,17.36777015,,A,52,ASP,H,524,"CO:A.52.ASP.N,H",SP:2-1_1to0_CXCL8M,PK:2-1_1to0_CXCL8M.1.39,NA:A.52.ASP.H,NR:A.52.ASP,73,33328.53906,Concentration,
74,2,15N,0,30,µM,Titration,122.4732566,33328.53906,11.4895745,,A,52,ASP,N,524,"CO:A.52.ASP.N,H",SP:2-1_1to0_CXCL8M,PK:2-1_1to0_CXCL8M.1.39,NA:A.52.ASP.N,NR:A.52.ASP,74,33328.53906,Concentration,
75,1,1H,0,30,µM,Titration,8.094641031,36177.39063,16.41270109,,A,59,GLU,H,525,"CO:A.59.GLU.N,H",SP:2-1_1to0_CXCL8M,PK:2-1_1to0_CXCL8M.1.40,NA:A.59.GLU.H,NR:A.59.GLU,75,36177.39063,Concentration,
76,2,15N,0,30,µM,Titration,122.1451395,36177.39063,11.20677567,,A,59,GLU,N,525,"CO:A.59.GLU.N,H",SP:2-1_1to0_CXCL8M,PK:2-1_1to0_CXCL8M.1.40,NA:A.59.GLU.N,NR:A.59.GLU,76,36177.39063,Concentration,
77,1,1H,0,30,µM,Titration,8.165036879,38198.25,16.54970625,,A,49,GLU,H,526,"CO:A.49.GLU.N,H",SP:2-1_1to0_CXCL8M,PK:2-1_1to0_CXCL8M.1.41,NA:A.49.GLU.H,NR:A.49.GLU,77,38198.25,Concentration,
78,2,15N,0,30,µM,Titration,121.9263948,38198.25,12.05462894,,A,49,GLU,N,526,"CO:A.49.GLU.N,H",SP:2-1_1to0_CXCL8M,PK:2-1_1to0_CXCL8M.1.41,NA:A.49.GLU.N,NR:A.49.GLU,78,38198.25,Concentration,
79,1,1H,0,30,µM,Titration,8.055532226,19481.96484,17.38165044,,A,74,ILE,H,527,"CO:A.74.ILE.N,H",SP:2-1_1to0_CXCL8M,PK:2-1_1to0_CXCL8M.1.42,NA:A.74.ILE.H,NR:A.74.ILE,79,19481.96484,Concentration,
80,2,15N,0,30,µM,Titration,121.9263948,19481.96484,11.26150039,,A,74,ILE,N,527,"CO:A.74.ILE.N,H",SP:2-1_1to0_CXCL8M,PK:2-1_1to0_CXCL8M.1.42,NA:A.74.ILE.N,NR:A.74.ILE,80,19481.96484,Concentration,
81,1,1H,0,30,µM,Titration,8.216268539,22431.30273,,,A,43,GLU,H,528,"CO:A.43.GLU.N,H",SP:2-1_1to0_CXCL8M,PK:2-1_1to0_CXCL8M.1.44,NA:A.43.GLU.H,NR:A.43.GLU,81,22431.30273,Concentration,
82,2,15N,0,30,µM,Titration,122.3948822,22431.30273,,,A,43,GLU,N,528,"CO:A.43.GLU.N,H",SP:2-1_1to0_CXCL8M,PK:2-1_1to0_CXCL8M.1.44,NA:A.43.GLU.N,NR:A.43.GLU,82,22431.30273,Concentration,
83,1,1H,0,30,µM,Titration,8.016423421,59366.65234,16.18461661,,A,51,PHE,H,529,"CO:A.51.PHE.N,H",SP:2-1_1to0_CXCL8M,PK:2-1_1to0_CXCL8M.1.46,NA:A.51.PHE.H,NR:A.51.PHE,83,59366.65234,Concentration,
84,2,15N,0,30,µM,Titration,120.3951819,59366.65234,10.83684061,,A,51,PHE,N,529,"CO:A.51.PHE.N,H",SP:2-1_1to0_CXCL8M,PK:2-1_1to0_CXCL8M.1.46,NA:A.51.PHE.N,NR:A.51.PHE,84,59366.65234,Concentration,
85,1,1H,0,30,µM,Titration,7.969492855,66349.05469,15.84965839,,A,31,ILE,H,530,"CO:A.31.ILE.N,H",SP:2-1_1to0_CXCL8M,PK:2-1_1to0_CXCL8M.1.47,NA:A.31.ILE.H,NR:A.31.ILE,85,66349.05469,Concentration,
86,2,15N,0,30,µM,Titration,120.3951819,66349.05469,10.20424626,,A,31,ILE,N,530,"CO:A.31.ILE.N,H",SP:2-1_1to0_CXCL8M,PK:2-1_1to0_CXCL8M.1.47,NA:A.31.ILE.N,NR:A.31.ILE,86,66349.05469,Concentration,
87,1,1H,0,30,µM,Titration,8.395635605,22924.58203,,,A,24,GLU,H,531,"CO:A.24.GLU.N,H",SP:2-1_1to0_CXCL8M,PK:2-1_1to0_CXCL8M.1.48,NA:A.24.GLU.H,NR:A.24.GLU,87,22924.58203,Concentration,
88,2,15N,0,30,µM,Titration,121.6764603,22924.58203,,,A,24,GLU,N,531,"CO:A.24.GLU.N,H",SP:2-1_1to0_CXCL8M,PK:2-1_1to0_CXCL8M.1.48,NA:A.24.GLU.N,NR:A.24.GLU,88,22924.58203,Concentration,
89,1,1H,0,30,µM,Titration,8.398673058,23930.60547,,,A,17,GLU,H,532,"CO:A.17.GLU.N,H",SP:2-1_1to0_CXCL8M,PK:2-1_1to0_CXCL8M.1.49,NA:A.17.GLU.H,NR:A.17.GLU,89,23930.60547,Concentration,
90,2,15N,0,30,µM,Titration,121.7588348,23930.60547,,,A,17,GLU,N,532,"CO:A.17.GLU.N,H",SP:2-1_1to0_CXCL8M,PK:2-1_1to0_CXCL8M.1.49,NA:A.17.GLU.N,NR:A.17.GLU,90,23930.60547,Concentration,
91,1,1H,0,30,µM,Titration,8.391867947,16484.04688,17.20728156,,A,45,GLU,H,533,"CO:A.45.GLU.N,H",SP:2-1_1to0_CXCL8M,PK:2-1_1to0_CXCL8M.1.50,NA:A.45.GLU.H,NR:A.45.GLU,91,16484.04688,Concentration,
92,2,15N,0,30,µM,Titration,122.3638842,16484.04688,11.95044912,,A,45,GLU,N,533,"CO:A.45.GLU.N,H",SP:2-1_1to0_CXCL8M,PK:2-1_1to0_CXCL8M.1.50,NA:A.45.GLU.N,NR:A.45.GLU,92,16484.04688,Concentration,
93,1,1H,0,30,µM,Titration,8.446620274,19737.55469,16.33059807,,A,23,GLU,H,534,"CO:A.23.GLU.N,H",SP:2-1_1to0_CXCL8M,PK:2-1_1to0_CXCL8M.1.51,NA:A.23.GLU.H,NR:A.23.GLU,93,19737.55469,Concentration,
94,2,15N,0,30,µM,Titration,122.5826289,19737.55469,12.03901279,,A,23,GLU,N,534,"CO:A.23.GLU.N,H",SP:2-1_1to0_CXCL8M,PK:2-1_1to0_CXCL8M.1.51,NA:A.23.GLU.N,NR:A.23.GLU,94,19737.55469,Concentration,
95,1,1H,0,30,µM,Titration,8.325260162,25503.65234,,,A,26,ASP,H,535,"CO:A.26.ASP.N,H",SP:2-1_1to0_CXCL8M,PK:2-1_1to0_CXCL8M.1.52,NA:A.26.ASP.H,NR:A.26.ASP,95,25503.65234,Concentration,
96,2,15N,0,30,µM,Titration,122.6593399,25503.65234,,,A,26,ASP,N,535,"CO:A.26.ASP.N,H",SP:2-1_1to0_CXCL8M,PK:2-1_1to0_CXCL8M.1.52,NA:A.26.ASP.N,NR:A.26.ASP,96,25503.65234,Concentration,
97,1,1H,0,30,µM,Titration,8.325724602,22709.8125,,,A,37,ASP,H,536,"CO:A.37.ASP.N,H",SP:2-1_1to0_CXCL8M,PK:2-1_1to0_CXCL8M.1.53,NA:A.37.ASP.H,NR:A.37.ASP,97,22709.8125,Concentration,
98,2,15N,0,30,µM,Titration,122.7337799,22709.8125,,,A,37,ASP,N,536,"CO:A.37.ASP.N,H",SP:2-1_1to0_CXCL8M,PK:2-1_1to0_CXCL8M.1.53,NA:A.37.ASP.N,NR:A.37.ASP,98,22709.8125,Concentration,
99,1,1H,0,30,µM,Titration,8.204145684,36288.03516,15.78316845,,A,38,ASP,H,537,"CO:A.38.ASP.N,H",SP:2-1_1to0_CXCL8M,PK:2-1_1to0_CXCL8M.1.54,NA:A.38.ASP.H,NR:A.38.ASP,99,36288.03516,Concentration,
100,2,15N,0,30,µM,Titration,120.7232989,36288.03516,11.20709843,,A,38,ASP,N,537,"CO:A.38.ASP.N,H",SP:2-1_1to0_CXCL8M,PK:2-1_1to0_CXCL8M.1.54,NA:A.38.ASP.N,NR:A.38.ASP,100,36288.03516,Concentration,
101,1,1H,0,30,µM,Titration,8.174577713,14821.48145,,,A,47,GLN,H,538,"CO:A.47.GLN.N,H",SP:2-1_1to0_CXCL8M,PK:2-1_1to0_CXCL8M.1.55,NA:A.47.GLN.H,NR:A.47.GLN,101,14821.48145,Concentration,
102,2,15N,0,30,µM,Titration,120.594574,14821.48145,,,A,47,GLN,N,538,"CO:A.47.GLN.N,H",SP:2-1_1to0_CXCL8M,PK:2-1_1to0_CXCL8M.1.55,NA:A.47.GLN.N,NR:A.47.GLN,102,14821.48145,Concentration,
103,1,1H,0,30,µM,Titration,8.117835045,25483.12891,,,A,48,PHE,H,540,"CO:A.48.PHE.N,H",SP:2-1_1to0_CXCL8M,PK:2-1_1to0_CXCL8M.1.57,NA:A.48.PHE.H,NR:A.48.PHE,103,25483.12891,Concentration,
104,2,15N,0,30,µM,Titration,120.4307938,25483.12891,,,A,48,PHE,N,540,"CO:A.48.PHE.N,H",SP:2-1_1to0_CXCL8M,PK:2-1_1to0_CXCL8M.1.57,NA:A.48.PHE.N,NR:A.48.PHE,104,25483.12891,Concentration,
105,1,1H,0,30,µM,Titration,8.113801956,46265.58984,,,A,50,ASP,H,541,"CO:A.50.ASP.N,H",SP:2-1_1to0_CXCL8M,PK:2-1_1to0_CXCL8M.1.59,NA:A.50.ASP.H,NR:A.50.ASP,105,46265.58984,Concentration,
106,2,15N,0,30,µM,Titration,121.1288147,46265.58984,,,A,50,ASP,N,541,"CO:A.50.ASP.N,H",SP:2-1_1to0_CXCL8M,PK:2-1_1to0_CXCL8M.1.59,NA:A.50.ASP.N,NR:A.50.ASP,106,46265.58984,Concentration,
107,1,1H,0,30,µM,Titration,8.044328261,48690.15625,23.57012216,,A,60,PHE,H,542,"CO:A.60.PHE.N,H",SP:2-1_1to0_CXCL8M,PK:2-1_1to0_CXCL8M.1.60,NA:A.60.PHE.H,NR:A.60.PHE,107,48690.15625,Concentration,
108,2,15N,0,30,µM,Titration,121.2206422,48690.15625,14.0570264,,A,60,PHE,N,542,"CO:A.60.PHE.N,H",SP:2-1_1to0_CXCL8M,PK:2-1_1to0_CXCL8M.1.60,NA:A.60.PHE.N,NR:A.60.PHE,108,48690.15625,Concentration,
109,1,1H,0,30,µM,Titration,8.054154396,40669.27344,,,A,42,TYR,H,543,"CO:A.42.TYR.N,H",SP:2-1_1to0_CXCL8M,PK:2-1_1to0_CXCL8M.1.61,NA:A.42.TYR.H,NR:A.42.TYR,109,40669.27344,Concentration,
110,2,15N,0,30,µM,Titration,121.185463,40669.27344,,,A,42,TYR,N,543,"CO:A.42.TYR.N,H",SP:2-1_1to0_CXCL8M,PK:2-1_1to0_CXCL8M.1.61,NA:A.42.TYR.N,NR:A.42.TYR,110,40669.27344,Concentration,
111,1,1H,0,30,µM,Titration,8.066972733,1336.215576,,,A,65,GLU,H,539,"CO:A.65.GLU.N,H",SP:2-1_1to0_CXCL8M,PK:2-1_1to0_CXCL8M.1.63,NA:A.65.GLU.H,NR:A.65.GLU,111,1336.215576,Concentration,
112,2,15N,0,30,µM,Titration,120.6221237,1336.215576,,,A,65,GLU,N,539,"CO:A.65.GLU.N,H",SP:2-1_1to0_CXCL8M,PK:2-1_1to0_CXCL8M.1.63,NA:A.65.GLU.N,NR:A.65.GLU,112,1336.215576,Concentration,
113,1,1H,0,30,µM,Titration,8.118684769,12883.92773,,,A,56,GLU,H,544,"CO:A.56.GLU.N,H",SP:2-1_1to0_CXCL8M,PK:2-1_1to0_CXCL8M.1.64,NA:A.56.GLU.H,NR:A.56.GLU,113,12883.92773,Concentration,
114,2,15N,0,30,µM,Titration,120.9688263,12883.92773,,,A,56,GLU,N,544,"CO:A.56.GLU.N,H",SP:2-1_1to0_CXCL8M,PK:2-1_1to0_CXCL8M.1.64,NA:A.56.GLU.N,NR:A.56.GLU,114,12883.92773,Concentration,
115,1,1H,30,30,µM,Titration,8.292046238,19798.96484,13.98472187,,A,27,GLY,H,488,"CO:A.27.GLY.N,H",SP:4-1_1to1_CXCL8M,PK:4-1_1to1_CXCL8M.1.1,NA:A.27.GLY.H,NR:A.27.GLY,115,19798.96484,Concentration,
116,2,15N,30,30,µM,Titration,109.6843393,19798.96484,11.03881009,,A,27,GLY,N,488,"CO:A.27.GLY.N,H",SP:4-1_1to1_CXCL8M,PK:4-1_1to1_CXCL8M.1.1,NA:A.27.GLY.N,NR:A.27.GLY,116,19798.96484,Concentration,
117,1,1H,30,30,µM,Titration,8.118106314,23045.45117,17.45646072,,A,25,THR,H,489,"CO:A.25.THR.N,H",SP:4-1_1to1_CXCL8M,PK:4-1_1to1_CXCL8M.1.2,NA:A.25.THR.H,NR:A.25.THR,117,23045.45117,Concentration,
118,2,15N,30,30,µM,Titration,114.3797026,23045.45117,11.43011783,,A,25,THR,N,489,"CO:A.25.THR.N,H",SP:4-1_1to1_CXCL8M,PK:4-1_1to1_CXCL8M.1.2,NA:A.25.THR.N,NR:A.25.THR,118,23045.45117,Concentration,
119,1,1H,30,30,µM,Titration,8.032066943,35518.8125,17.17260434,,A,40,THR,H,490,"CO:A.40.THR.N,H",SP:4-1_1to1_CXCL8M,PK:4-1_1to1_CXCL8M.1.3,NA:A.40.THR.H,NR:A.40.THR,119,35518.8125,Concentration,
120,2,15N,30,30,µM,Titration,114.3797026,35518.8125,12.38771395,,A,40,THR,N,490,"CO:A.40.THR.N,H",SP:4-1_1to1_CXCL8M,PK:4-1_1to1_CXCL8M.1.3,NA:A.40.THR.N,NR:A.40.THR,120,35518.8125,Concentration,
121,1,1H,30,30,µM,Titration,7.906918768,30420.93555,16.4515547,,A,34,THR,H,491,"CO:A.34.THR.N,H",SP:4-1_1to1_CXCL8M,PK:4-1_1to1_CXCL8M.1.4,NA:A.34.THR.H,NR:A.34.THR,121,30420.93555,Concentration,
122,2,15N,30,30,µM,Titration,115.3640537,30420.93555,12.81980512,,A,34,THR,N,491,"CO:A.34.THR.N,H",SP:4-1_1to1_CXCL8M,PK:4-1_1to1_CXCL8M.1.4,NA:A.34.THR.N,NR:A.34.THR,122,30420.93555,Concentration,
123,1,1H,30,30,µM,Titration,8.133749835,18643,17.38325115,,A,28,SER,H,492,"CO:A.28.SER.N,H",SP:4-1_1to1_CXCL8M,PK:4-1_1to1_CXCL8M.1.5,NA:A.28.SER.H,NR:A.28.SER,123,18643,Concentration,
124,2,15N,30,30,µM,Titration,115.4734261,18643,11.44571019,,A,28,SER,N,492,"CO:A.28.SER.N,H",SP:4-1_1to1_CXCL8M,PK:4-1_1to1_CXCL8M.1.5,NA:A.28.SER.N,NR:A.28.SER,124,18643,Concentration,
125,1,1H,30,30,µM,Titration,8.063353987,25260.56641,17.46887798,,A,36,THR,H,493,"CO:A.36.THR.N,H",SP:4-1_1to1_CXCL8M,PK:4-1_1to1_CXCL8M.1.6,NA:A.36.THR.H,NR:A.36.THR,125,25260.56641,Concentration,
126,2,15N,30,30,µM,Titration,115.3640537,25260.56641,11.32385158,,A,36,THR,N,493,"CO:A.36.THR.N,H",SP:4-1_1to1_CXCL8M,PK:4-1_1to1_CXCL8M.1.6,NA:A.36.THR.N,NR:A.36.THR,126,25260.56641,Concentration,
127,1,1H,30,30,µM,Titration,8.175399585,26146.10547,19.24509595,,A,44,SER,H,494,"CO:A.44.SER.N,H",SP:4-1_1to1_CXCL8M,PK:4-1_1to1_CXCL8M.1.7,NA:A.44.SER.H,NR:A.44.SER,127,26146.10547,Concentration,
128,2,15N,30,30,µM,Titration,116.3362043,26146.10547,15.99431534,,A,44,SER,N,494,"CO:A.44.SER.N,H",SP:4-1_1to1_CXCL8M,PK:4-1_1to1_CXCL8M.1.7,NA:A.44.SER.N,NR:A.44.SER,128,26146.10547,Concentration,
129,1,1H,30,30,µM,Titration,8.194190025,19758.86523,,,A,22,THR,H,495,"CO:A.22.THR.N,H",SP:4-1_1to1_CXCL8M,PK:4-1_1to1_CXCL8M.1.8,NA:A.22.THR.H,NR:A.22.THR,129,19758.86523,Concentration,
130,2,15N,30,30,µM,Titration,116.4589157,19758.86523,,,A,22,THR,N,495,"CO:A.22.THR.N,H",SP:4-1_1to1_CXCL8M,PK:4-1_1to1_CXCL8M.1.8,NA:A.22.THR.N,NR:A.22.THR,130,19758.86523,Concentration,
131,1,1H,30,30,µM,Titration,8.166384697,17370.72852,,,A,18,THR,H,496,"CO:A.18.THR.N,H",SP:4-1_1to1_CXCL8M,PK:4-1_1to1_CXCL8M.1.9,NA:A.18.THR.H,NR:A.18.THR,131,17370.72852,Concentration,
132,2,15N,30,30,µM,Titration,116.2213287,17370.72852,,,A,18,THR,N,496,"CO:A.18.THR.N,H",SP:4-1_1to1_CXCL8M,PK:4-1_1to1_CXCL8M.1.9,NA:A.18.THR.N,NR:A.18.THR,132,17370.72852,Concentration,
133,1,1H,30,30,µM,Titration,8.211967445,39463.54688,14.65581814,,A,63,GLU,H,497,"CO:A.63.GLU.N,H",SP:4-1_1to1_CXCL8M,PK:4-1_1to1_CXCL8M.1.10,NA:A.63.GLU.H,NR:A.63.GLU,133,39463.54688,Concentration,
134,2,15N,30,30,µM,Titration,117.7702455,39463.54688,11.18216906,,A,63,GLU,N,497,"CO:A.63.GLU.N,H",SP:4-1_1to1_CXCL8M,PK:4-1_1to1_CXCL8M.1.10,NA:A.63.GLU.N,NR:A.63.GLU,134,39463.54688,Concentration,
135,1,1H,30,30,µM,Titration,7.938205811,20861.01758,15.92217058,,A,57,ASN,H,498,"CO:A.57.ASN.N,H",SP:4-1_1to1_CXCL8M,PK:4-1_1to1_CXCL8M.1.11,NA:A.57.ASN.H,NR:A.57.ASN,135,20861.01758,Concentration,
136,2,15N,30,30,µM,Titration,117.8796178,20861.01758,11.10951416,,A,57,ASN,N,498,"CO:A.57.ASN.N,H",SP:4-1_1to1_CXCL8M,PK:4-1_1to1_CXCL8M.1.11,NA:A.57.ASN.N,NR:A.57.ASN,136,20861.01758,Concentration,
137,1,1H,30,30,µM,Titration,7.906918768,32805.32031,15.90303705,,A,69,ILE,H,499,"CO:A.69.ILE.N,H",SP:4-1_1to1_CXCL8M,PK:4-1_1to1_CXCL8M.1.12,NA:A.69.ILE.H,NR:A.69.ILE,137,32805.32031,Concentration,
138,2,15N,30,30,µM,Titration,119.7389478,32805.32031,10.27447689,,A,69,ILE,N,499,"CO:A.69.ILE.N,H",SP:4-1_1to1_CXCL8M,PK:4-1_1to1_CXCL8M.1.12,NA:A.69.ILE.N,NR:A.69.ILE,138,32805.32031,Concentration,
139,1,1H,30,30,µM,Titration,7.859988202,19843.28906,16.48795352,,A,58,PHE,H,500,"CO:A.58.PHE.N,H",SP:4-1_1to1_CXCL8M,PK:4-1_1to1_CXCL8M.1.13,NA:A.58.PHE.H,NR:A.58.PHE,139,19843.28906,Concentration,
140,2,15N,30,30,µM,Titration,120.8326713,19843.28906,12.65715753,,A,58,PHE,N,500,"CO:A.58.PHE.N,H",SP:4-1_1to1_CXCL8M,PK:4-1_1to1_CXCL8M.1.13,NA:A.58.PHE.N,NR:A.58.PHE,140,19843.28906,Concentration,
141,1,1H,30,30,µM,Titration,7.859988202,13779.79883,17.11459257,,A,55,TRP,H,501,"CO:A.55.TRP.N,H",SP:4-1_1to1_CXCL8M,PK:4-1_1to1_CXCL8M.1.17,NA:A.55.TRP.H,NR:A.55.TRP,141,13779.79883,Concentration,
142,2,15N,30,30,µM,Titration,121.5982778,13779.79883,14.70795617,,A,55,TRP,N,501,"CO:A.55.TRP.N,H",SP:4-1_1to1_CXCL8M,PK:4-1_1to1_CXCL8M.1.17,NA:A.55.TRP.N,NR:A.55.TRP,142,13779.79883,Concentration,
143,1,1H,30,30,µM,Titration,7.773948831,19907.07227,15.94104329,,A,64,ALA,H,502,"CO:A.64.ALA.N,H",SP:4-1_1to1_CXCL8M,PK:4-1_1to1_CXCL8M.1.18,NA:A.64.ALA.H,NR:A.64.ALA,143,19907.07227,Concentration,
144,2,15N,30,30,µM,Titration,123.238863,19907.07227,13.69178046,,A,64,ALA,N,502,"CO:A.64.ALA.N,H",SP:4-1_1to1_CXCL8M,PK:4-1_1to1_CXCL8M.1.18,NA:A.64.ALA.N,NR:A.64.ALA,144,19907.07227,Concentration,
145,1,1H,30,30,µM,Titration,7.922562289,37766.10938,16.43002571,,A,35,GLN,H,503,"CO:A.35.GLN.N,H_1",SP:4-1_1to1_CXCL8M,PK:4-1_1to1_CXCL8M.1.19,NA:A.35.GLN.H,NR:A.35.GLN,145,37766.10938,Concentration,
146,2,15N,30,30,µM,Titration,122.2545119,37766.10938,10.80654963,,A,35,GLN,N,503,"CO:A.35.GLN.N,H_1",SP:4-1_1to1_CXCL8M,PK:4-1_1to1_CXCL8M.1.19,NA:A.35.GLN.N,NR:A.35.GLN,146,37766.10938,Concentration,
147,1,1H,30,30,µM,Titration,7.899097007,68688.72656,16.7688928,,A,78,GLN,H,504,"CO:A.78.GLN.N,H",SP:4-1_1to1_CXCL8M,PK:4-1_1to1_CXCL8M.1.20,NA:A.78.GLN.H,NR:A.78.GLN,147,68688.72656,Concentration,
148,2,15N,30,30,µM,Titration,125.4263101,68688.72656,10.94726388,,A,78,GLN,N,504,"CO:A.78.GLN.N,H",SP:4-1_1to1_CXCL8M,PK:4-1_1to1_CXCL8M.1.20,NA:A.78.GLN.N,NR:A.78.GLN,148,68688.72656,Concentration,
149,1,1H,30,30,µM,Titration,8.000779899,16021.55664,22.65415745,,A,76,ARG,H,505,"CO:A.76.ARG.N,H",SP:4-1_1to1_CXCL8M,PK:4-1_1to1_CXCL8M.1.21,NA:A.76.ARG.H,NR:A.76.ARG,149,16021.55664,Concentration,
150,2,15N,30,30,µM,Titration,125.3169377,16021.55664,12.13724258,,A,76,ARG,N,505,"CO:A.76.ARG.N,H",SP:4-1_1to1_CXCL8M,PK:4-1_1to1_CXCL8M.1.21,NA:A.76.ARG.N,NR:A.76.ARG,150,16021.55664,Concentration,
151,1,1H,30,30,µM,Titration,8.235432728,21452.28906,16.6408102,,A,14,ALA,H,506,"CO:A.14.ALA.N,H",SP:4-1_1to1_CXCL8M,PK:4-1_1to1_CXCL8M.1.22,NA:A.14.ALA.H,NR:A.14.ALA,151,21452.28906,Concentration,
152,2,15N,30,30,µM,Titration,126.957523,21452.28906,11.00730183,,A,14,ALA,N,506,"CO:A.14.ALA.N,H",SP:4-1_1to1_CXCL8M,PK:4-1_1to1_CXCL8M.1.22,NA:A.14.ALA.N,NR:A.14.ALA,152,21452.28906,Concentration,
153,1,1H,30,30,µM,Titration,8.391867947,26683.92188,15.15020491,,A,21,LYS,H,507,"CO:A.21.LYS.N,H",SP:4-1_1to1_CXCL8M,PK:4-1_1to1_CXCL8M.1.23,NA:A.21.LYS.H,NR:A.21.LYS,153,26683.92188,Concentration,
154,2,15N,30,30,µM,Titration,126.8481506,26683.92188,12.68861822,,A,21,LYS,N,507,"CO:A.21.LYS.N,H",SP:4-1_1to1_CXCL8M,PK:4-1_1to1_CXCL8M.1.23,NA:A.21.LYS.N,NR:A.21.LYS,154,26683.92188,Concentration,
155,1,1H,30,30,µM,Titration,8.32929386,17986.69727,19.52435839,,A,75,TYR,H,508,"CO:A.75.TYR.N,H",SP:4-1_1to1_CXCL8M,PK:4-1_1to1_CXCL8M.1.24,NA:A.75.TYR.H,NR:A.75.TYR,155,17986.69727,Concentration,
156,2,15N,30,30,µM,Titration,125.6450548,17986.69727,12.73768236,,A,75,TYR,N,508,"CO:A.75.TYR.N,H",SP:4-1_1to1_CXCL8M,PK:4-1_1to1_CXCL8M.1.24,NA:A.75.TYR.N,NR:A.75.TYR,156,17986.69727,Concentration,
157,1,1H,30,30,µM,Titration,8.211967445,37817.36719,17.67550622,,A,20,ILE,H,509,"CO:A.20.ILE.N,H",SP:4-1_1to1_CXCL8M,PK:4-1_1to1_CXCL8M.1.25,NA:A.20.ILE.H,NR:A.20.ILE,157,37817.36719,Concentration,
158,2,15N,30,30,µM,Titration,125.7544271,37817.36719,13.59115258,,A,20,ILE,N,509,"CO:A.20.ILE.N,H",SP:4-1_1to1_CXCL8M,PK:4-1_1to1_CXCL8M.1.25,NA:A.20.ILE.N,NR:A.20.ILE,158,37817.36719,Concentration,
159,1,1H,30,30,µM,Titration,8.211967445,23113.22656,19.83186499,,A,62,ALA,H,510,"CO:A.62.ALA.N,H",SP:4-1_1to1_CXCL8M,PK:4-1_1to1_CXCL8M.1.26,NA:A.62.ALA.H,NR:A.62.ALA,159,23113.22656,Concentration,
160,2,15N,30,30,µM,Titration,125.2075654,23113.22656,13.58080526,,A,62,ALA,N,510,"CO:A.62.ALA.N,H",SP:4-1_1to1_CXCL8M,PK:4-1_1to1_CXCL8M.1.26,NA:A.62.ALA.N,NR:A.62.ALA,160,23113.22656,Concentration,
161,1,1H,30,30,µM,Titration,8.186959267,15616.91699,,,A,70,LYS,H,511,"CO:A.70.LYS.N,H",SP:4-1_1to1_CXCL8M,PK:4-1_1to1_CXCL8M.1.27,NA:A.70.LYS.H,NR:A.70.LYS,161,15616.91699,Concentration,
162,2,15N,30,30,µM,Titration,125.0779343,15616.91699,,,A,70,LYS,N,511,"CO:A.70.LYS.N,H",SP:4-1_1to1_CXCL8M,PK:4-1_1to1_CXCL8M.1.27,NA:A.70.LYS.N,NR:A.70.LYS,162,15616.91699,Concentration,
163,1,1H,30,30,µM,Titration,8.204145684,41856.97656,16.60032005,,A,32,ASP,H,512,"CO:A.32.ASP.N,H",SP:4-1_1to1_CXCL8M,PK:4-1_1to1_CXCL8M.1.28,NA:A.32.ASP.H,NR:A.32.ASP,163,41856.97656,Concentration,
164,2,15N,30,30,µM,Titration,123.4576077,41856.97656,11.24004048,,A,32,ASP,N,512,"CO:A.32.ASP.N,H",SP:4-1_1to1_CXCL8M,PK:4-1_1to1_CXCL8M.1.28,NA:A.32.ASP.N,NR:A.32.ASP,164,41856.97656,Concentration,
165,1,1H,30,30,µM,Titration,8.071175748,17388.72461,15.87458246,,A,68,ALA,H,513,"CO:A.68.ALA.N,H",SP:4-1_1to1_CXCL8M,PK:4-1_1to1_CXCL8M.1.29,NA:A.68.ALA.H,NR:A.68.ALA,165,17388.72461,Concentration,
166,2,15N,30,30,µM,Titration,124.0044695,17388.72461,11.09114782,,A,68,ALA,N,513,"CO:A.68.ALA.N,H",SP:4-1_1to1_CXCL8M,PK:4-1_1to1_CXCL8M.1.29,NA:A.68.ALA.N,NR:A.68.ALA,166,17388.72461,Concentration,
167,1,1H,30,30,µM,Titration,8.094641031,27906.0332,17.13163622,,A,19,VAL,H,514,"CO:A.19.VAL.N,H",SP:4-1_1to1_CXCL8M,PK:4-1_1to1_CXCL8M.1.30,NA:A.19.VAL.H,NR:A.19.VAL,167,27906.0332,Concentration,
168,2,15N,30,30,µM,Titration,123.6763524,27906.0332,12.56203955,,A,19,VAL,N,514,"CO:A.19.VAL.N,H",SP:4-1_1to1_CXCL8M,PK:4-1_1to1_CXCL8M.1.30,NA:A.19.VAL.N,NR:A.19.VAL,168,27906.0332,Concentration,
169,1,1H,30,30,µM,Titration,8.00860166,38824.34375,14.51198365,,A,41,LYS,H,515,"CO:A.41.LYS.N,H",SP:4-1_1to1_CXCL8M,PK:4-1_1to1_CXCL8M.1.31,NA:A.41.LYS.H,NR:A.41.LYS,169,38824.34375,Concentration,
170,2,15N,30,30,µM,Titration,123.4576077,38824.34375,11.48907014,,A,41,LYS,N,515,"CO:A.41.LYS.N,H",SP:4-1_1to1_CXCL8M,PK:4-1_1to1_CXCL8M.1.31,NA:A.41.LYS.N,NR:A.41.LYS,170,38824.34375,Concentration,
171,1,1H,30,30,µM,Titration,8.016423421,45992.03125,17.55930918,,A,33,TRP,H,516,"CO:A.33.TRP.N,H",SP:4-1_1to1_CXCL8M,PK:4-1_1to1_CXCL8M.1.32,NA:A.33.TRP.H,NR:A.33.TRP,171,45992.03125,Concentration,
172,2,15N,30,30,µM,Titration,123.1294907,45992.03125,12.72361419,,A,33,TRP,N,516,"CO:A.33.TRP.N,H",SP:4-1_1to1_CXCL8M,PK:4-1_1to1_CXCL8M.1.32,NA:A.33.TRP.N,NR:A.33.TRP,172,45992.03125,Concentration,
173,1,1H,30,30,µM,Titration,8.274541533,17994.2168,17.38880103,,A,46,ASN,H,517,"CO:A.46.ASN.N,H",SP:4-1_1to1_CXCL8M,PK:4-1_1to1_CXCL8M.1.33,NA:A.46.ASN.H,NR:A.46.ASN,173,17994.2168,Concentration,
174,2,15N,30,30,µM,Titration,119.0827137,17994.2168,12.64205685,,A,46,ASN,N,517,"CO:A.46.ASN.N,H",SP:4-1_1to1_CXCL8M,PK:4-1_1to1_CXCL8M.1.33,NA:A.46.ASN.N,NR:A.46.ASN,174,17994.2168,Concentration,
175,1,1H,30,30,µM,Titration,8.297783852,37906.5625,,,A,39,ASP,H,518,"CO:A.39.ASP.N,H",SP:4-1_1to1_CXCL8M,PK:4-1_1to1_CXCL8M.1.34,NA:A.39.ASP.H,NR:A.39.ASP,175,37906.5625,Concentration,
176,2,15N,30,30,µM,Titration,121.1216354,37906.5625,,,A,39,ASP,N,518,"CO:A.39.ASP.N,H",SP:4-1_1to1_CXCL8M,PK:4-1_1to1_CXCL8M.1.34,NA:A.39.ASP.N,NR:A.39.ASP,176,37906.5625,Concentration,
177,1,1H,30,30,µM,Titration,8.282363294,41841.08594,17.12751243,,A,54,ASP,H,519,"CO:A.54.ASP.N,H",SP:4-1_1to1_CXCL8M,PK:4-1_1to1_CXCL8M.1.35,NA:A.54.ASP.H,NR:A.54.ASP,177,41841.08594,Concentration,
178,2,15N,30,30,µM,Titration,120.6139266,41841.08594,11.8236381,,A,54,ASP,N,519,"CO:A.54.ASP.N,H",SP:4-1_1to1_CXCL8M,PK:4-1_1to1_CXCL8M.1.35,NA:A.54.ASP.N,NR:A.54.ASP,178,41841.08594,Concentration,
179,1,1H,30,30,µM,Titration,8.321472099,13646.61133,23.31455919,,A,67,LYS,H,521,"CO:A.67.LYS.N,H",SP:4-1_1to1_CXCL8M,PK:4-1_1to1_CXCL8M.1.36,NA:A.67.LYS.H,NR:A.67.LYS,179,13646.61133,Concentration,
180,2,15N,30,30,µM,Titration,120.3951819,13646.61133,15.62410669,,A,67,LYS,N,521,"CO:A.67.LYS.N,H",SP:4-1_1to1_CXCL8M,PK:4-1_1to1_CXCL8M.1.36,NA:A.67.LYS.N,NR:A.67.LYS,180,13646.61133,Concentration,
181,1,1H,30,30,µM,Titration,8.320649147,13134.62988,,,A,29,HIS,H,520,"CO:A.29.HIS.N,H",SP:4-1_1to1_CXCL8M,PK:4-1_1to1_CXCL8M.1.37,NA:A.29.HIS.H,NR:A.29.HIS,181,13134.62988,Concentration,
182,2,15N,30,30,µM,Titration,120.4599762,13134.62988,,,A,29,HIS,N,520,"CO:A.29.HIS.N,H",SP:4-1_1to1_CXCL8M,PK:4-1_1to1_CXCL8M.1.37,NA:A.29.HIS.N,NR:A.29.HIS,182,13134.62988,Concentration,
183,1,1H,30,30,µM,Titration,8.243254489,15136.41602,15.04106443,,A,30,ASP,H,522,"CO:A.30.ASP.N,H",SP:4-1_1to1_CXCL8M,PK:4-1_1to1_CXCL8M.1.38,NA:A.30.ASP.H,NR:A.30.ASP,183,15136.41602,Concentration,
184,2,15N,30,30,µM,Titration,121.5982778,15136.41602,11.29022595,,A,30,ASP,N,522,"CO:A.30.ASP.N,H",SP:4-1_1to1_CXCL8M,PK:4-1_1to1_CXCL8M.1.38,NA:A.30.ASP.N,NR:A.30.ASP,184,15136.41602,Concentration,
185,1,1H,30,30,µM,Titration,8.15282068,34297.06641,15.58313558,,A,49,GLU,H,526,"CO:A.49.GLU.N,H",SP:4-1_1to1_CXCL8M,PK:4-1_1to1_CXCL8M.1.40,NA:A.49.GLU.H,NR:A.49.GLU,185,34297.06641,Concentration,
186,2,15N,30,30,µM,Titration,121.786317,34297.06641,12.90198101,,A,49,GLU,N,526,"CO:A.49.GLU.N,H",SP:4-1_1to1_CXCL8M,PK:4-1_1to1_CXCL8M.1.40,NA:A.49.GLU.N,NR:A.49.GLU,186,34297.06641,Concentration,
187,1,1H,30,30,µM,Titration,8.210583687,31894.33398,,,A,43,GLU,H,528,"CO:A.43.GLU.N,H",SP:4-1_1to1_CXCL8M,PK:4-1_1to1_CXCL8M.1.41,NA:A.43.GLU.H,NR:A.43.GLU,187,31894.33398,Concentration,
188,2,15N,30,30,µM,Titration,122.2768936,31894.33398,,,A,43,GLU,N,528,"CO:A.43.GLU.N,H",SP:4-1_1to1_CXCL8M,PK:4-1_1to1_CXCL8M.1.41,NA:A.43.GLU.N,NR:A.43.GLU,188,31894.33398,Concentration,
189,1,1H,30,30,µM,Titration,8.211837769,32453.28516,,,A,13,GLN,H,523,"CO:A.13.GLN.N,H",SP:4-1_1to1_CXCL8M,PK:4-1_1to1_CXCL8M.1.42,NA:A.13.GLN.H,NR:A.13.GLN,189,32453.28516,Concentration,
190,2,15N,30,30,µM,Titration,122.3531036,32453.28516,,,A,13,GLN,N,523,"CO:A.13.GLN.N,H",SP:4-1_1to1_CXCL8M,PK:4-1_1to1_CXCL8M.1.42,NA:A.13.GLN.N,NR:A.13.GLN,190,32453.28516,Concentration,
191,1,1H,30,30,µM,Titration,8.102462792,29500.04688,19.60667746,,A,52,ASP,H,524,"CO:A.52.ASP.N,H",SP:4-1_1to1_CXCL8M,PK:4-1_1to1_CXCL8M.1.43,NA:A.52.ASP.H,NR:A.52.ASP,191,29500.04688,Concentration,
192,2,15N,30,30,µM,Titration,122.4732566,29500.04688,13.54605513,,A,52,ASP,N,524,"CO:A.52.ASP.N,H",SP:4-1_1to1_CXCL8M,PK:4-1_1to1_CXCL8M.1.43,NA:A.52.ASP.N,NR:A.52.ASP,192,29500.04688,Concentration,
193,1,1H,30,30,µM,Titration,8.047710465,14762.4707,16.50646244,,A,59,GLU,H,525,"CO:A.59.GLU.N,H",SP:4-1_1to1_CXCL8M,PK:4-1_1to1_CXCL8M.1.44,NA:A.59.GLU.H,NR:A.59.GLU,193,14762.4707,Concentration,
194,2,15N,30,30,µM,Titration,122.3638842,14762.4707,14.67174529,,A,59,GLU,N,525,"CO:A.59.GLU.N,H",SP:4-1_1to1_CXCL8M,PK:4-1_1to1_CXCL8M.1.44,NA:A.59.GLU.N,NR:A.59.GLU,194,14762.4707,Concentration,
195,1,1H,30,30,µM,Titration,8.055532226,25589.66016,18.3352117,,A,74,ILE,H,527,"CO:A.74.ILE.N,H",SP:4-1_1to1_CXCL8M,PK:4-1_1to1_CXCL8M.1.45,NA:A.74.ILE.H,NR:A.74.ILE,195,25589.66016,Concentration,
196,2,15N,30,30,µM,Titration,122.0357672,25589.66016,11.92982664,,A,74,ILE,N,527,"CO:A.74.ILE.N,H",SP:4-1_1to1_CXCL8M,PK:4-1_1to1_CXCL8M.1.45,NA:A.74.ILE.N,NR:A.74.ILE,196,25589.66016,Concentration,
197,1,1H,30,30,µM,Titration,8.000774384,63516.09766,,,A,51,PHE,H,529,"CO:A.51.PHE.N,H",SP:4-1_1to1_CXCL8M,PK:4-1_1to1_CXCL8M.1.46,NA:A.51.PHE.H,NR:A.51.PHE,197,63516.09766,Concentration,
198,2,15N,30,30,µM,Titration,120.3835449,63516.09766,,,A,51,PHE,N,529,"CO:A.51.PHE.N,H",SP:4-1_1to1_CXCL8M,PK:4-1_1to1_CXCL8M.1.46,NA:A.51.PHE.N,NR:A.51.PHE,198,63516.09766,Concentration,
199,1,1H,30,30,µM,Titration,7.992958138,66387.85156,,,A,31,ILE,H,530,"CO:A.31.ILE.N,H",SP:4-1_1to1_CXCL8M,PK:4-1_1to1_CXCL8M.1.47,NA:A.31.ILE.H,NR:A.31.ILE,199,66387.85156,Concentration,
200,2,15N,30,30,µM,Titration,120.2858095,66387.85156,,,A,31,ILE,N,530,"CO:A.31.ILE.N,H",SP:4-1_1to1_CXCL8M,PK:4-1_1to1_CXCL8M.1.47,NA:A.31.ILE.N,NR:A.31.ILE,200,66387.85156,Concentration,
201,1,1H,30,30,µM,Titration,8.395083427,34536.45313,,,A,24,GLU,H,531,"CO:A.24.GLU.N,H",SP:4-1_1to1_CXCL8M,PK:4-1_1to1_CXCL8M.1.48,NA:A.24.GLU.H,NR:A.24.GLU,201,34536.45313,Concentration,
202,2,15N,30,30,µM,Titration,121.6673126,34536.45313,,,A,24,GLU,N,531,"CO:A.24.GLU.N,H",SP:4-1_1to1_CXCL8M,PK:4-1_1to1_CXCL8M.1.48,NA:A.24.GLU.N,NR:A.24.GLU,202,34536.45313,Concentration,
203,1,1H,30,30,µM,Titration,8.399225235,36286.14063,,,A,17,GLU,H,532,"CO:A.17.GLU.N,H",SP:4-1_1to1_CXCL8M,PK:4-1_1to1_CXCL8M.1.49,NA:A.17.GLU.H,NR:A.17.GLU,203,36286.14063,Concentration,
204,2,15N,30,30,µM,Titration,121.7771378,36286.14063,,,A,17,GLU,N,532,"CO:A.17.GLU.N,H",SP:4-1_1to1_CXCL8M,PK:4-1_1to1_CXCL8M.1.49,NA:A.17.GLU.N,NR:A.17.GLU,204,36286.14063,Concentration,
205,1,1H,30,30,µM,Titration,8.384046186,21122.89453,15.45591938,,A,45,GLU,H,533,"CO:A.45.GLU.N,H",SP:4-1_1to1_CXCL8M,PK:4-1_1to1_CXCL8M.1.50,NA:A.45.GLU.H,NR:A.45.GLU,205,21122.89453,Concentration,
206,2,15N,30,30,µM,Titration,122.3638842,21122.89453,12.60530989,,A,45,GLU,N,533,"CO:A.45.GLU.N,H",SP:4-1_1to1_CXCL8M,PK:4-1_1to1_CXCL8M.1.50,NA:A.45.GLU.N,NR:A.45.GLU,206,21122.89453,Concentration,
207,1,1H,30,30,µM,Titration,8.446620274,28006.78125,15.78975375,,A,23,GLU,H,534,"CO:A.23.GLU.N,H",SP:4-1_1to1_CXCL8M,PK:4-1_1to1_CXCL8M.1.51,NA:A.23.GLU.H,NR:A.23.GLU,207,28006.78125,Concentration,
208,2,15N,30,30,µM,Titration,122.6920013,28006.78125,12.20751128,,A,23,GLU,N,534,"CO:A.23.GLU.N,H",SP:4-1_1to1_CXCL8M,PK:4-1_1to1_CXCL8M.1.51,NA:A.23.GLU.N,NR:A.23.GLU,208,28006.78125,Concentration,
209,1,1H,30,30,µM,Titration,8.322704315,41181.90234,,,A,26,ASP,H,535,"CO:A.26.ASP.N,H",SP:4-1_1to1_CXCL8M,PK:4-1_1to1_CXCL8M.1.52,NA:A.26.ASP.H,NR:A.26.ASP,209,41181.90234,Concentration,
210,2,15N,30,30,µM,Titration,122.5797577,41181.90234,,,A,26,ASP,N,535,"CO:A.26.ASP.N,H",SP:4-1_1to1_CXCL8M,PK:4-1_1to1_CXCL8M.1.52,NA:A.26.ASP.N,NR:A.26.ASP,210,41181.90234,Concentration,
211,1,1H,30,30,µM,Titration,8.323401451,37607.82422,,,A,37,ASP,H,536,"CO:A.37.ASP.N,H",SP:4-1_1to1_CXCL8M,PK:4-1_1to1_CXCL8M.1.53,NA:A.37.ASP.H,NR:A.37.ASP,211,37607.82422,Concentration,
212,2,15N,30,30,µM,Titration,122.6490707,37607.82422,,,A,37,ASP,N,536,"CO:A.37.ASP.N,H",SP:4-1_1to1_CXCL8M,PK:4-1_1to1_CXCL8M.1.53,NA:A.37.ASP.N,NR:A.37.ASP,212,37607.82422,Concentration,
213,1,1H,30,30,µM,Titration,8.196323923,33802.13281,17.25031717,,A,38,ASP,H,537,"CO:A.38.ASP.N,H",SP:4-1_1to1_CXCL8M,PK:4-1_1to1_CXCL8M.1.54,NA:A.38.ASP.H,NR:A.38.ASP,213,33802.13281,Concentration,
214,2,15N,30,30,µM,Titration,120.6139266,33802.13281,14.06531187,,A,38,ASP,N,537,"CO:A.38.ASP.N,H",SP:4-1_1to1_CXCL8M,PK:4-1_1to1_CXCL8M.1.54,NA:A.38.ASP.N,NR:A.38.ASP,214,33802.13281,Concentration,
215,1,1H,30,30,µM,Titration,8.157215118,23428.70313,16.56015229,,A,47,GLN,H,538,"CO:A.47.GLN.N,H",SP:4-1_1to1_CXCL8M,PK:4-1_1to1_CXCL8M.1.55,NA:A.47.GLN.H,NR:A.47.GLN,215,23428.70313,Concentration,
216,2,15N,30,30,µM,Titration,120.5045542,23428.70313,11.43294019,,A,47,GLN,N,538,"CO:A.47.GLN.N,H",SP:4-1_1to1_CXCL8M,PK:4-1_1to1_CXCL8M.1.55,NA:A.47.GLN.N,NR:A.47.GLN,216,23428.70313,Concentration,
217,1,1H,30,30,µM,Titration,8.102462792,35637.74219,15.82923198,,A,48,PHE,H,540,"CO:A.48.PHE.N,H",SP:4-1_1to1_CXCL8M,PK:4-1_1to1_CXCL8M.1.56,NA:A.48.PHE.H,NR:A.48.PHE,217,35637.74219,Concentration,
218,2,15N,30,30,µM,Titration,120.2858095,35637.74219,11.82915514,,A,48,PHE,N,540,"CO:A.48.PHE.N,H",SP:4-1_1to1_CXCL8M,PK:4-1_1to1_CXCL8M.1.56,NA:A.48.PHE.N,NR:A.48.PHE,218,35637.74219,Concentration,
219,1,1H,30,30,µM,Titration,8.066972733,10894.21289,,,A,65,GLU,H,539,"CO:A.65.GLU.N,H",SP:4-1_1to1_CXCL8M,PK:4-1_1to1_CXCL8M.1.57,NA:A.65.GLU.H,NR:A.65.GLU,219,10894.21289,Concentration,
220,2,15N,30,30,µM,Titration,120.6221237,10894.21289,,,A,65,GLU,N,539,"CO:A.65.GLU.N,H",SP:4-1_1to1_CXCL8M,PK:4-1_1to1_CXCL8M.1.57,NA:A.65.GLU.N,NR:A.65.GLU,220,10894.21289,Concentration,
221,1,1H,30,30,µM,Titration,8.116912842,44886.21094,,,A,50,ASP,H,541,"CO:A.50.ASP.N,H",SP:4-1_1to1_CXCL8M,PK:4-1_1to1_CXCL8M.1.58,NA:A.50.ASP.H,NR:A.50.ASP,221,44886.21094,Concentration,
222,2,15N,30,30,µM,Titration,120.8937759,44886.21094,,,A,50,ASP,N,541,"CO:A.50.ASP.N,H",SP:4-1_1to1_CXCL8M,PK:4-1_1to1_CXCL8M.1.58,NA:A.50.ASP.N,NR:A.50.ASP,222,44886.21094,Concentration,
223,1,1H,30,30,µM,Titration,8.118684769,45589.21094,,,A,56,GLU,H,544,"CO:A.56.GLU.N,H",SP:4-1_1to1_CXCL8M,PK:4-1_1to1_CXCL8M.1.59,NA:A.56.GLU.H,NR:A.56.GLU,223,45589.21094,Concentration,
224,2,15N,30,30,µM,Titration,120.9688263,45589.21094,,,A,56,GLU,N,544,"CO:A.56.GLU.N,H",SP:4-1_1to1_CXCL8M,PK:4-1_1to1_CXCL8M.1.59,NA:A.56.GLU.N,NR:A.56.GLU,224,45589.21094,Concentration,
225,1,1H,30,30,µM,Titration,8.039888704,18134.19922,12.92613496,,A,60,PHE,H,542,"CO:A.60.PHE.N,H",SP:4-1_1to1_CXCL8M,PK:4-1_1to1_CXCL8M.1.60,NA:A.60.PHE.H,NR:A.60.PHE,225,18134.19922,Concentration,
226,2,15N,30,30,µM,Titration,121.2701607,18134.19922,14.64008001,,A,60,PHE,N,542,"CO:A.60.PHE.N,H",SP:4-1_1to1_CXCL8M,PK:4-1_1to1_CXCL8M.1.60,NA:A.60.PHE.N,NR:A.60.PHE,226,18134.19922,Concentration,
227,1,1H,30,30,µM,Titration,8.039888704,47767.91797,15.39988891,,A,42,TYR,H,543,"CO:A.42.TYR.N,H",SP:4-1_1to1_CXCL8M,PK:4-1_1to1_CXCL8M.1.61,NA:A.42.TYR.H,NR:A.42.TYR,227,47767.91797,Concentration,
228,2,15N,30,30,µM,Titration,121.051416,47767.91797,11.3618523,,A,42,TYR,N,543,"CO:A.42.TYR.N,H",SP:4-1_1to1_CXCL8M,PK:4-1_1to1_CXCL8M.1.61,NA:A.42.TYR.N,NR:A.42.TYR,228,47767.91797,Concentration,
